<odoo>
    <data>
        <record id="module_category_my_task" model="ir.module.category">
            <field name="name">我的任务</field>
            <field name="description">我的任务app</field>
            <field name="sequence">1</field>
        </record>
        <!--创建应用权限分组-->
        <record id="my_task_manage" model="res.groups">
            <field name="name">管理员</field>
            <!--category_id关联的应用权限分类-->
            <field name="category_id" ref="module_category_my_task"/>
            <!--默认加入权限组的用户，base.user_root指系统管理员用户-->
            <field name="users" eval="[(4, ref('base.user_root'))]"/>
        </record>
      <!--员工组-->
        <record id="my_task_employee" model="res.groups">
            <field name="name">员工</field>
            <!--category_id关联的应用权限分类-->
            <field name="category_id" ref="module_category_my_task"/>
        </record>
    </data>
</odoo>